0,0087_1_1.jpg,0087
1,0087_6_1.jpg,0087
2,0087_8_1.jpg,0087
3,0087_9_1.jpg,0087
4,0089_4_1.jpg,0089
5,0089_5_1.jpg,0089
6,0089_6_1.jpg,0089
7,0089_6_2.jpg,0089
8,0089_7_1.jpg,0089
9,0089_9_1.jpg,0089
10,0089_9_2.jpg,0089
11,0093_2_1.jpg,0093
12,0093_5_1.jpg,0093
13,0093_8_1.jpg,0093
14,0093_9_1.jpg,0093
15,0094_8_1.jpg,0094
16,0094_9_1.jpg,0094
17,0097_1_1.jpg,0097
18,0097_2_1.jpg,0097
19,0097_3_1.jpg,0097
20,0097_4_1.jpg,0097
21,0097_5_1.jpg,0097
22,0097_6_1.jpg,0097
23,0097_7_1.jpg,0097
24,0097_8_1.jpg,0097
25,0097_9_1.jpg,0097
26,0099_4_1.jpg,0099
27,0099_8_1.jpg,0099
28,0100_1_1.jpg,0100
29,0100_3_1.jpg,0100
30,0100_4_1.jpg,0100
31,0103_1_1.jpg,0103
32,0103_2_1.jpg,0103
33,0103_3_1.jpg,0103
34,0103_4_1.jpg,0103
35,0103_5_1.jpg,0103
36,0103_6_1.jpg,0103
37,0103_7_1.jpg,0103
38,0103_8_1.jpg,0103
39,0103_9_1.jpg,0103
40,0105_1_1.jpg,0105
41,0105_2_1.jpg,0105
42,0105_3_1.jpg,0105
43,0105_3_2.jpg,0105
44,0105_4_1.jpg,0105
45,0105_5_1.jpg,0105
46,0105_6_1.jpg,0105
47,0105_7_1.jpg,0105
48,0105_8_1.jpg,0105
49,0105_9_1.jpg,0105
50,0135_1_1.jpg,0135
51,0135_2_1.jpg,0135
52,0135_3_1.jpg,0135
53,0135_4_1.jpg,0135
54,0135_5_1.jpg,0135
55,0135_6_1.jpg,0135
56,0135_7_1.jpg,0135
57,0135_8_1.jpg,0135
58,0135_9_1.jpg,0135
59,0151_1_1.jpg,0151
60,0151_2_1.jpg,0151
61,0151_3_1.jpg,0151
62,0151_4_1.jpg,0151
63,0151_5_1.jpg,0151
64,0151_6_1.jpg,0151
65,0151_7_1.jpg,0151
66,0151_8_1.jpg,0151
67,0151_9_1.jpg,0151
68,0152_6_1.jpg,0152
69,0152_8_1.jpg,0152
70,0152_9_1.jpg,0152
71,0185_1_1.jpg,0185
72,0185_3_1.jpg,0185
73,0185_4_1.jpg,0185
74,0185_4_2.jpg,0185
75,0185_4_3.jpg,0185
76,0185_6_1.jpg,0185
77,0185_7_1.jpg,0185
78,0190_1_1.jpg,0190
79,0190_2_1.jpg,0190
80,0190_6_3.jpg,0190
81,0190_6_4.jpg,0190
82,0190_7_1.jpg,0190
83,0190_8_1.jpg,0190
84,0192_1_1.jpg,0192
85,0192_2_1.jpg,0192
86,0192_3_1.jpg,0192
87,0192_4_1.jpg,0192
88,0192_5_1.jpg,0192
89,0192_5_2.jpg,0192
90,0192_6_1.jpg,0192
91,0192_7_1.jpg,0192
92,0192_8_1.jpg,0192
93,0192_9_1.jpg,0192
94,0197_1_1.jpg,0197
95,0197_5_1.jpg,0197
96,0197_6_1.jpg,0197
97,0197_8_1.jpg,0197
98,0210_1_1.jpg,0210
99,0210_2_1.jpg,0210
100,0210_2_2.jpg,0210