,Path,Label
0,0087_1_1.jpg,0087
1,0087_6_1.jpg,0087
2,0087_8_1.jpg,0087
3,0087_9_1.jpg,0087
4,0089_4_1.jpg,0089
5,0089_5_1.jpg,0089
6,0089_6_1.jpg,0089
7,0089_6_2.jpg,0089
8,0089_7_1.jpg,0089
9,0089_9_1.jpg,0089
10,0089_9_2.jpg,0089
11,0093_2_1.jpg,0093
12,0093_5_1.jpg,0093
13,0093_8_1.jpg,0093
14,0093_9_1.jpg,0093
15,0094_8_1.jpg,0094
16,0094_9_1.jpg,0094
17,0097_1_1.jpg,0097
18,0097_2_1.jpg,0097
19,0097_3_1.jpg,0097
20,0097_4_1.jpg,0097
21,0097_5_1.jpg,0097
22,0097_6_1.jpg,0097
23,0097_7_1.jpg,0097
24,0097_8_1.jpg,0097
25,0097_9_1.jpg,0097
26,0099_4_1.jpg,0099
27,0099_8_1.jpg,0099
28,0100_1_1.jpg,0100
29,0100_3_1.jpg,0100
30,0100_4_1.jpg,0100
31,0103_1_1.jpg,0103
32,0103_2_1.jpg,0103
33,0103_3_1.jpg,0103
34,0103_4_1.jpg,0103
35,0103_5_1.jpg,0103
36,0103_6_1.jpg,0103
37,0103_7_1.jpg,0103
38,0103_8_1.jpg,0103
39,0103_9_1.jpg,0103
40,0105_1_1.jpg,0105
41,0105_2_1.jpg,0105
42,0105_3_1.jpg,0105
43,0105_3_2.jpg,0105
44,0105_4_1.jpg,0105
45,0105_5_1.jpg,0105
46,0105_6_1.jpg,0105
47,0105_7_1.jpg,0105
48,0105_8_1.jpg,0105
49,0105_9_1.jpg,0105
50,0135_1_1.jpg,0135
51,0135_2_1.jpg,0135
52,0135_3_1.jpg,0135
53,0135_4_1.jpg,0135
54,0135_5_1.jpg,0135
55,0135_6_1.jpg,0135
56,0135_7_1.jpg,0135
57,0135_8_1.jpg,0135
58,0135_9_1.jpg,0135
59,0151_1_1.jpg,0151
60,0151_2_1.jpg,0151
61,0151_3_1.jpg,0151
62,0151_4_1.jpg,0151
63,0151_5_1.jpg,0151
64,0151_6_1.jpg,0151
65,0151_7_1.jpg,0151
66,0151_8_1.jpg,0151
67,0151_9_1.jpg,0151
68,0152_6_1.jpg,0152
69,0152_8_1.jpg,0152
70,0152_9_1.jpg,0152
71,0185_1_1.jpg,0185
72,0185_3_1.jpg,0185
73,0185_4_1.jpg,0185
74,0185_4_2.jpg,0185
75,0185_4_3.jpg,0185
76,0185_6_1.jpg,0185
77,0185_7_1.jpg,0185
78,0190_1_1.jpg,0190
79,0190_2_1.jpg,0190
80,0190_6_3.jpg,0190
81,0190_6_4.jpg,0190
82,0190_7_1.jpg,0190
83,0190_8_1.jpg,0190
84,0192_1_1.jpg,0192
85,0192_2_1.jpg,0192
86,0192_3_1.jpg,0192
87,0192_4_1.jpg,0192
88,0192_5_1.jpg,0192
89,0192_5_2.jpg,0192
90,0192_6_1.jpg,0192
91,0192_7_1.jpg,0192
92,0192_8_1.jpg,0192
93,0192_9_1.jpg,0192
94,0197_1_1.jpg,0197
95,0197_5_1.jpg,0197
96,0197_6_1.jpg,0197
97,0197_8_1.jpg,0197
98,0210_1_1.jpg,0210
99,0210_2_1.jpg,0210
100,0210_2_2.jpg,0210
101,0210_3_1.jpg,0210
102,0210_4_1.jpg,0210
103,0210_5_1.jpg,0210
104,0210_6_1.jpg,0210
105,0210_7_1.jpg,0210
106,0210_7_2.jpg,0210
107,0210_8_1.jpg,0210
108,0210_9_1.jpg,0210
109,0219_1_1.jpg,0219
110,0219_1_2.jpg,0219
111,0219_2_1.jpg,0219
112,0219_3_1.jpg,0219
113,0219_4_1.jpg,0219
114,0219_5_1.jpg,0219
115,0219_6_1.jpg,0219
116,0219_7_1.jpg,0219
117,0219_8_1.jpg,0219
118,0219_9_1.jpg,0219
119,0220_1_1.jpg,0220
120,0220_2_1.jpg,0220
121,0220_3_1.jpg,0220
122,0220_4_1.jpg,0220
123,0220_5_1.jpg,0220
124,0220_6_1.jpg,0220
125,0220_7_1.jpg,0220
126,0220_8_1.jpg,0220
127,0220_8_2.jpg,0220
128,0220_8_3.jpg,0220
129,0220_9_1.jpg,0220
130,0229_1_1.jpg,0229
131,0229_2_1.jpg,0229
132,0229_3_1.jpg,0229
133,0229_4_1.jpg,0229
134,0229_5_1.jpg,0229
135,0229_6_1.jpg,0229
136,0229_7_1.jpg,0229
137,0229_8_1.jpg,0229
138,0229_9_1.jpg,0229
139,0237_1_1.jpg,0237
140,0237_2_1.jpg,0237
141,0237_3_1.jpg,0237
142,0237_4_1.jpg,0237
143,0237_8_1.jpg,0237
144,0243_1_1.jpg,0243
145,0243_2_1.jpg,0243
146,0243_3_1.jpg,0243
147,0243_4_1.jpg,0243
148,0243_5_1.jpg,0243
149,0243_5_2.jpg,0243
150,0243_6_1.jpg,0243
151,0243_7_1.jpg,0243
152,0243_8_1.jpg,0243
153,0243_9_1.jpg,0243
154,0256_1_1.jpg,0256
155,0256_2_1.jpg,0256
156,0256_3_1.jpg,0256
157,0256_3_2.jpg,0256
158,0256_4_1.jpg,0256
159,0256_5_1.jpg,0256
160,0256_6_1.jpg,0256
161,0256_7_1.jpg,0256
162,0256_8_1.jpg,0256
163,0256_9_1.jpg,0256
164,0267_1_1.jpg,0267
165,0267_4_1.jpg,0267
166,0267_6_1.jpg,0267
167,0284_1_1.jpg,0284
168,0284_1_2.jpg,0284
169,0284_2_1.jpg,0284
170,0284_3_1.jpg,0284
171,0284_4_1.jpg,0284
172,0284_6_1.jpg,0284
173,0284_7_2.jpg,0284
174,0284_7_3.jpg,0284
175,0288_5_1.jpg,0288
176,0289_2_1.jpg,0289
177,0289_7_1.jpg,0289
178,0289_8_1.jpg,0289
179,0289_9_1.jpg,0289
180,0297_1_1.jpg,0297
181,0297_2_1.jpg,0297
182,0297_3_1.jpg,0297
183,0297_4_1.jpg,0297
184,0297_5_1.jpg,0297
185,0297_8_1.jpg,0297
186,0297_9_1.jpg,0297
187,0300_7_3.jpg,0300
188,0300_8_1.jpg,0300
189,0316_4_1.jpg,0316
190,0316_6_1.jpg,0316
191,0316_6_2.jpg,0316
192,0316_7_1.jpg,0316
193,0316_8_1.jpg,0316
194,0316_9_1.jpg,0316
195,0341_1_1.jpg,0341
196,0341_3_1.jpg,0341
197,0341_4_1.jpg,0341
198,0341_7_1.jpg,0341
199,0341_8_1.jpg,0341
200,0353_1_1.jpg,0353
201,0353_2_1.jpg,0353
202,0353_3_1.jpg,0353
203,0353_4_1.jpg,0353
204,0353_5_1.jpg,0353
205,0353_6_1.jpg,0353
206,0353_6_2.jpg,0353
207,0353_6_3.jpg,0353
208,0353_7_1.jpg,0353
209,0353_8_1.jpg,0353
210,0353_9_1.jpg,0353
211,0362_1_1.jpg,0362
212,0362_2_1.jpg,0362
213,0362_3_1.jpg,0362
214,0362_4_1.jpg,0362
215,0362_5_1.jpg,0362
216,0362_6_1.jpg,0362
217,0362_7_1.jpg,0362
218,0362_8_1.jpg,0362
219,0362_9_1.jpg,0362
220,0364_1_1.jpg,0364
221,0364_2_1.jpg,0364
222,0364_3_1.jpg,0364
223,0364_4_1.jpg,0364
224,0364_5_1.jpg,0364
225,0364_6_1.jpg,0364
226,0364_7_1.jpg,0364
227,0364_8_1.jpg,0364
228,0364_9_1.jpg,0364
229,0367_3_1.jpg,0367
230,0367_7_1.jpg,0367
231,0367_9_1.jpg,0367
232,0384_1_1.jpg,0384
233,0395_3_1.jpg,0395
234,0395_4_1.jpg,0395
235,0395_6_1.jpg,0395
236,0395_9_1.jpg,0395
237,0419_2_1.jpg,0419
238,0419_3_1.jpg,0419
239,0419_4_1.jpg,0419
240,0419_5_1.jpg,0419
241,0419_6_1.jpg,0419
242,0419_7_1.jpg,0419
243,0419_8_4.jpg,0419
244,0423_4_1.jpg,0423
245,0423_5_1.jpg,0423
246,0423_7_1.jpg,0423
247,0431_2_1.jpg,0431
248,0431_4_1.jpg,0431
249,0431_5_1.jpg,0431
250,0431_7_1.jpg,0431
251,0431_9_1.jpg,0431
252,0434_3_1.jpg,0434
253,0434_5_1.jpg,0434
254,0434_6_1.jpg,0434
255,0434_7_1.jpg,0434
256,0434_8_1.jpg,0434
257,0434_9_1.jpg,0434
258,0438_1_1.jpg,0438
259,0438_1_2.jpg,0438
260,0438_3_1.jpg,0438
261,0438_9_1.jpg,0438
262,0440_5_1.jpg,0440
263,0440_8_2.jpg,0440
264,0440_9_1.jpg,0440
265,0441_1_1.jpg,0441
266,0441_1_2.jpg,0441
267,0441_1_3.jpg,0441
268,0441_1_4.jpg,0441
269,0441_2_1.jpg,0441
270,0441_3_1.jpg,0441
271,0441_3_2.jpg,0441
272,0441_4_1.jpg,0441
273,0441_5_1.jpg,0441
274,0441_6_1.jpg,0441
275,0441_7_1.jpg,0441
276,0441_8_1.jpg,0441
277,0441_9_1.jpg,0441
278,0443_5_1.jpg,0443
279,0443_8_1.jpg,0443
280,0467_4_1.jpg,0467
281,0470_1_1.jpg,0470
282,0470_2_1.jpg,0470
283,0470_3_1.jpg,0470
284,0470_4_1.jpg,0470
285,0470_5_1.jpg,0470
286,0470_6_1.jpg,0470
287,0470_6_2.jpg,0470
288,0470_6_3.jpg,0470
289,0470_7_1.jpg,0470
290,0470_8_1.jpg,0470
291,0470_9_1.jpg,0470
292,0479_1_1.jpg,0479
293,0479_2_1.jpg,0479
294,0479_5_2.jpg,0479
295,0479_8_1.jpg,0479
296,0487_1_1.jpg,0487
297,0487_4_1.jpg,0487
298,0492_3_1.jpg,0492
299,0492_7_1.jpg,0492
300,0495_6_1.jpg,0495
301,0495_7_1.jpg,0495
302,0495_8_1.jpg,0495
303,0496_1_1.jpg,0496
304,0496_3_1.jpg,0496
305,0496_3_2.jpg,0496
306,0496_4_1.jpg,0496
307,0496_6_1.jpg,0496
308,0496_9_1.jpg,0496
309,0498_2_1.jpg,0498
310,0498_3_1.jpg,0498
311,0498_4_1.jpg,0498
312,0498_5_1.jpg,0498
313,0498_6_1.jpg,0498
314,0498_7_1.jpg,0498
315,0498_9_1.jpg,0498
316,0500_1_1.jpg,0500
317,0500_2_1.jpg,0500
318,0500_3_1.jpg,0500
319,0500_4_1.jpg,0500
320,0500_5_1.jpg,0500
321,0500_5_2.jpg,0500
322,0501_7_1.jpg,0501
323,0501_9_1.jpg,0501
324,0502_1_1.jpg,0502
325,0502_2_1.jpg,0502
326,0502_3_1.jpg,0502
327,0502_4_1.jpg,0502
328,0502_5_1.jpg,0502
329,0502_6_1.jpg,0502
330,0502_7_1.jpg,0502
331,0502_8_1.jpg,0502
332,0502_9_1.jpg,0502
333,0503_1_1.jpg,0503
334,0503_1_2.jpg,0503
335,0503_1_3.jpg,0503
336,0503_3_1.jpg,0503
337,0503_4_1.jpg,0503
338,0503_5_1.jpg,0503
339,0503_7_1.jpg,0503
340,0503_8_1.jpg,0503
341,0503_9_1.jpg,0503
342,0513_5_2.jpg,0513
343,0534_7_1.jpg,0534
344,0534_8_3.jpg,0534
345,0534_8_4.jpg,0534
346,0539_4_1.jpg,0539
347,0539_8_1.jpg,0539
348,0539_9_1.jpg,0539
349,0541_3_1.jpg,0541
350,0541_5_1.jpg,0541
351,0541_7_1.jpg,0541
352,0543_8_4.jpg,0543
353,0543_9_1.jpg,0543
354,0550_1_1.jpg,0550
355,0550_2_1.jpg,0550
356,0550_3_1.jpg,0550
357,0550_4_1.jpg,0550
358,0550_5_1.jpg,0550
359,0550_6_1.jpg,0550
360,0550_7_1.jpg,0550
361,0550_8_1.jpg,0550
362,0550_9_1.jpg,0550
363,0555_5_1.jpg,0555
364,0561_1_1.jpg,0561
365,0561_2_1.jpg,0561
366,0561_3_1.jpg,0561
367,0561_4_1.jpg,0561
368,0561_5_1.jpg,0561
369,0561_5_2.jpg,0561
370,0561_6_1.jpg,0561
371,0561_7_1.jpg,0561
372,0561_8_1.jpg,0561
373,0561_9_1.jpg,0561
374,0563_4_1.jpg,0563
375,0563_6_1.jpg,0563
376,0568_1_1.jpg,0568
377,0568_1_2.jpg,0568
378,0568_2_1.jpg,0568
379,0568_3_1.jpg,0568
380,0568_4_1.jpg,0568
381,0568_5_1.jpg,0568
382,0568_6_1.jpg,0568
383,0568_7_1.jpg,0568
384,0568_8_1.jpg,0568
385,0568_9_1.jpg,0568
386,0571_2_1.jpg,0571
387,0571_3_1.jpg,0571
388,0571_7_1.jpg,0571
389,0579_3_1.jpg,0579
390,0579_6_1.jpg,0579
391,0579_8_1.jpg,0579
392,0580_2_1.jpg,0580
393,0580_3_2.jpg,0580
394,0580_4_1.jpg,0580
395,0580_6_1.jpg,0580
396,0580_7_1.jpg,0580
397,0580_9_1.jpg,0580
398,0583_2_2.jpg,0583
399,0583_8_1.jpg,0583
400,0583_8_2.jpg,0583
401,0583_8_3.jpg,0583
402,0583_9_1.jpg,0583
403,0592_1_1.jpg,0592
404,0592_2_1.jpg,0592
405,0592_3_1.jpg,0592
406,0592_4_1.jpg,0592
407,0592_5_1.jpg,0592
408,0592_6_1.jpg,0592
409,0592_7_1.jpg,0592
410,0592_8_1.jpg,0592
411,0592_9_1.jpg,0592
412,0593_2_1.jpg,0593
413,0593_2_2.jpg,0593
414,0593_3_1.jpg,0593
415,0593_4_1.jpg,0593
416,0593_4_2.jpg,0593
417,0593_5_1.jpg,0593
418,0593_6_1.jpg,0593
419,0593_7_1.jpg,0593
420,0593_8_1.jpg,0593
421,0593_9_1.jpg,0593
422,0594_2_1.jpg,0594
423,0594_2_2.jpg,0594
424,0594_3_1.jpg,0594
425,0594_4_1.jpg,0594
426,0594_5_1.jpg,0594
427,0594_6_1.jpg,0594
428,0594_7_1.jpg,0594
429,0594_8_1.jpg,0594
430,0594_9_1.jpg,0594
431,0596_3_1.jpg,0596
432,0596_5_1.jpg,0596
433,0596_6_1.jpg,0596
434,0596_9_1.jpg,0596
435,0605_3_1.jpg,0605
436,0605_4_1.jpg,0605
437,0605_7_1.jpg,0605
438,0611_1_1.jpg,0611
439,0611_2_1.jpg,0611
440,0611_3_1.jpg,0611
441,0611_4_1.jpg,0611
442,0611_5_1.jpg,0611
443,0611_6_1.jpg,0611
444,0611_7_1.jpg,0611
445,0611_8_1.jpg,0611
446,0611_9_1.jpg,0611
447,0616_1_1.jpg,0616
448,0616_2_1.jpg,0616
449,0616_3_1.jpg,0616
450,0616_4_1.jpg,0616
451,0616_5_1.jpg,0616
452,0616_6_1.jpg,0616
453,0616_7_1.jpg,0616
454,0616_8_1.jpg,0616
455,0616_9_1.jpg,0616
456,0619_1_1.jpg,0619
457,0619_2_1.jpg,0619
458,0619_3_1.jpg,0619
459,0619_4_1.jpg,0619
460,0619_5_1.jpg,0619
461,0619_6_1.jpg,0619
462,0619_7_1.jpg,0619
463,0619_9_1.jpg,0619
464,0642_1_1.jpg,0642
465,0642_2_1.jpg,0642
466,0642_3_1.jpg,0642
467,0642_4_1.jpg,0642
468,0642_5_1.jpg,0642
469,0642_6_1.jpg,0642
470,0642_6_2.jpg,0642
471,0642_7_1.jpg,0642
472,0642_8_1.jpg,0642
473,0642_9_1.jpg,0642
474,0644_1_1.jpg,0644
475,0644_2_1.jpg,0644
476,0644_3_1.jpg,0644
477,0644_4_1.jpg,0644
478,0644_5_1.jpg,0644
479,0644_6_1.jpg,0644
480,0644_8_1.jpg,0644
481,0644_9_1.jpg,0644
482,0647_2_1.jpg,0647
483,0647_5_1.jpg,0647
484,0648_3_1.jpg,0648
485,0648_4_1.jpg,0648
486,0648_5_1.jpg,0648
487,0648_6_1.jpg,0648
488,0648_7_1.jpg,0648
489,0650_1_1.jpg,0650
490,0650_2_1.jpg,0650
491,0650_3_1.jpg,0650
492,0650_5_1.jpg,0650
493,0650_7_1.jpg,0650
494,0650_8_1.jpg,0650
495,0651_6_1.jpg,0651
496,0653_2_1.jpg,0653
497,0653_4_1.jpg,0653
498,0653_6_2.jpg,0653
499,0653_7_1.jpg,0653
500,0653_9_1.jpg,0653
501,0655_5_1.jpg,0655
502,0655_7_1.jpg,0655
503,0655_9_1.jpg,0655
504,0662_3_1.jpg,0662
505,0662_5_1.jpg,0662
506,0662_7_1.jpg,0662
507,0663_7_1.jpg,0663
508,0664_8_1.jpg,0664
509,0665_8_1.jpg,0665
510,0665_9_1.jpg,0665
511,0671_3_1.jpg,0671
512,0671_8_1.jpg,0671
513,0675_3_1.jpg,0675
514,0675_5_1.jpg,0675
515,0675_6_1.jpg,0675
516,0675_8_1.jpg,0675
517,0675_9_1.jpg,0675
518,0679_1_1.jpg,0679
519,0686_1_1.jpg,0686
520,0686_2_1.jpg,0686
521,0686_3_1.jpg,0686
522,0686_4_1.jpg,0686
523,0686_5_1.jpg,0686
524,0686_6_1.jpg,0686
525,0686_7_1.jpg,0686
526,0686_8_1.jpg,0686
527,0686_9_1.jpg,0686
528,0692_1_1.jpg,0692
529,0692_2_1.jpg,0692
530,0692_3_1.jpg,0692
531,0692_4_1.jpg,0692
532,0692_6_1.jpg,0692
533,0692_7_1.jpg,0692
534,0692_8_1.jpg,0692
535,0692_9_1.jpg,0692
536,0701_1_1.jpg,0701
537,0701_2_1.jpg,0701
538,0701_3_1.jpg,0701
539,0701_4_1.jpg,0701
540,0701_5_1.jpg,0701
541,0701_6_1.jpg,0701
542,0701_7_1.jpg,0701
543,0701_8_1.jpg,0701
544,0701_9_1.jpg,0701
545,0706_1_1.jpg,0706
546,0706_2_1.jpg,0706
547,0706_3_1.jpg,0706
548,0706_4_1.jpg,0706
549,0706_5_1.jpg,0706
550,0706_6_1.jpg,0706
551,0706_7_1.jpg,0706
552,0706_8_1.jpg,0706
553,0706_8_2.jpg,0706
554,0706_9_1.jpg,0706
555,0720_7_1.jpg,0720
556,0720_8_1.jpg,0720
557,0728_1_1.jpg,0728
558,0728_2_1.jpg,0728
559,0728_9_1.jpg,0728
560,0730_1_1.jpg,0730
561,0730_2_1.jpg,0730
562,0730_3_1.jpg,0730
563,0730_4_1.jpg,0730
564,0730_5_1.jpg,0730
565,0730_6_1.jpg,0730
566,0730_7_1.jpg,0730
567,0730_8_1.jpg,0730
568,0730_8_2.jpg,0730
569,0730_9_1.jpg,0730
570,0731_4_1.jpg,0731
571,0731_5_1.jpg,0731
572,0731_6_1.jpg,0731
573,0731_7_1.jpg,0731
574,0731_8_1.jpg,0731
575,0731_9_1.jpg,0731
576,0737_3_1.jpg,0737
577,0737_6_1.jpg,0737
578,0737_7_1.jpg,0737
579,0737_9_1.jpg,0737
580,0738_3_1.jpg,0738
581,0738_4_1.jpg,0738
582,0738_5_1.jpg,0738
583,0738_6_1.jpg,0738
584,0738_7_1.jpg,0738
585,0738_8_1.jpg,0738
586,0738_9_1.jpg,0738
587,0748_5_1.jpg,0748
588,0748_8_1.jpg,0748
589,0749_6_1.jpg,0749
590,0752_1_1.jpg,0752
591,0752_2_1.jpg,0752
592,0752_3_1.jpg,0752
593,0752_4_1.jpg,0752
594,0752_5_1.jpg,0752
595,0752_6_1.jpg,0752
596,0752_7_1.jpg,0752
597,0752_8_1.jpg,0752
598,0752_9_1.jpg,0752
599,0754_1_1.jpg,0754
600,0754_2_1.jpg,0754
601,0754_3_1.jpg,0754
602,0754_4_1.jpg,0754
603,0754_5_1.jpg,0754
604,0754_6_1.jpg,0754
605,0754_7_1.jpg,0754
606,0754_8_1.jpg,0754
607,0754_9_1.jpg,0754
608,0772_2_1.jpg,0772
609,0772_5_1.jpg,0772
610,0772_6_1.jpg,0772
611,0772_7_1.jpg,0772
612,0772_8_1.jpg,0772
613,0779_8_1.jpg,0779
614,0809_3_1.jpg,0809
615,0820_1_1.jpg,0820
616,0820_2_1.jpg,0820
617,0820_3_1.jpg,0820
618,0820_4_1.jpg,0820
619,0820_5_1.jpg,0820
620,0820_6_1.jpg,0820
621,0820_7_1.jpg,0820
622,0820_8_1.jpg,0820
623,0820_9_1.jpg,0820
624,0821_1_1.jpg,0821
625,0821_2_1.jpg,0821
626,0821_3_1.jpg,0821
627,0821_4_1.jpg,0821
628,0821_5_1.jpg,0821
629,0821_6_1.jpg,0821
630,0821_8_1.jpg,0821
631,0821_9_1.jpg,0821
632,0824_3_1.jpg,0824
633,0824_5_1.jpg,0824
634,0824_6_1.jpg,0824
635,0824_8_1.jpg,0824
636,0830_1_1.jpg,0830
637,0830_2_1.jpg,0830
638,0830_4_1.jpg,0830
639,0830_5_1.jpg,0830
640,0830_6_1.jpg,0830
641,0830_8_1.jpg,0830
642,0838_3_1.jpg,0838
643,0838_4_1.jpg,0838
644,0863_8_1.jpg,0863
645,0922_1_1.jpg,0922
646,0940_7_1.jpg,0940
647,0940_8_1.jpg,0940
648,0940_9_1.jpg,0940
649,0975_8_1.jpg,0975
650,0975_8_2.jpg,0975
651,0983_5_1.jpg,0983
652,0983_6_1.jpg,0983
653,1021_3_1.jpg,1021
654,1021_4_1.jpg,1021
655,1038_8_2.jpg,1038
656,1127_9_1.jpg,1127
657,1139_7_1.jpg,1139
658,1139_7_2.jpg,1139
659,1139_8_1.jpg,1139
660,1146_7_1.jpg,1146
661,1146_8_1.jpg,1146
662,1146_9_1.jpg,1146
663,1154_1_1.jpg,1154
664,1154_2_1.jpg,1154
665,1154_3_1.jpg,1154
666,1154_4_1.jpg,1154
667,1154_5_1.jpg,1154
668,1154_6_1.jpg,1154
669,1154_7_1.jpg,1154
670,1154_7_2.jpg,1154
671,1154_8_1.jpg,1154
672,1165_1_1.jpg,1165
673,1165_2_1.jpg,1165
674,1165_6_1.jpg,1165
675,1224_2_1.jpg,1224
676,1224_3_1.jpg,1224
677,1224_8_1.jpg,1224
678,1224_9_1.jpg,1224
679,1239_2_1.jpg,1239
680,1261_1_1.jpg,1261
681,1261_2_1.jpg,1261
682,1261_3_1.jpg,1261
683,1261_4_1.jpg,1261
684,1261_5_1.jpg,1261
685,1261_6_1.jpg,1261
686,1261_7_1.jpg,1261
687,1261_8_1.jpg,1261
688,1261_9_1.jpg,1261
689,1263_2_1.jpg,1263
690,2411_2_1.jpg,2411
691,2411_8_1.jpg,2411
692,2412_6_1.jpg,2412
693,2412_7_1.jpg,2412
694,2412_7_2.jpg,2412
695,3997_9_1.jpg,3997
696,4191_1_1.jpg,4191
697,4191_3_1.jpg,4191
698,4191_4_1.jpg,4191
699,4191_6_1.jpg,4191
700,6034_1_1.jpg,6034
701,6034_1_2.jpg,6034
702,6034_2_1.jpg,6034
703,6034_3_1.jpg,6034
704,6034_4_1.jpg,6034
705,6034_4_2.jpg,6034
706,6034_4_3.jpg,6034
707,6034_5_1.jpg,6034
708,6034_6_1.jpg,6034
709,6034_6_2.jpg,6034
710,6034_7_1.jpg,6034
711,6034_8_1.jpg,6034
712,6034_9_1.jpg,6034
713,6311_1_1.jpg,6311
714,6311_2_1.jpg,6311
715,6311_3_1.jpg,6311
716,6311_4_1.jpg,6311
717,6311_5_1.jpg,6311
718,6311_6_1.jpg,6311
719,6311_7_1.jpg,6311
720,6311_8_1.jpg,6311
721,6311_9_1.jpg,6311
722,6518_7_2.jpg,6518
723,6518_9_2.jpg,6518
724,6582_1_1.jpg,6582
725,6582_2_1.jpg,6582
726,6582_3_1.jpg,6582
727,6582_3_2.jpg,6582
728,6582_4_1.jpg,6582
729,6582_5_1.jpg,6582
730,6582_6_1.jpg,6582
731,6582_6_2.jpg,6582
732,6582_7_1.jpg,6582
733,6582_8_1.jpg,6582
734,6582_9_1.jpg,6582
735,6700_2_1.jpg,6700
736,6700_4_1.jpg,6700
737,6700_5_1.jpg,6700
738,6700_6_1.jpg,6700
739,6700_8_1.jpg,6700
740,6700_9_1.jpg,6700
741,6740_1_1.jpg,6740
742,6740_2_1.jpg,6740
743,6740_6_1.jpg,6740
744,6740_7_1.jpg,6740
745,6746_1_1.jpg,6746
746,6746_1_2.jpg,6746
747,6746_3_1.jpg,6746
748,6746_4_1.jpg,6746
749,6746_7_1.jpg,6746
750,6763_4_1.jpg,6763
751,6806_1_1.jpg,6806
752,6806_2_1.jpg,6806
753,6806_3_1.jpg,6806
754,6806_3_2.jpg,6806
755,6806_4_1.jpg,6806
756,6806_5_1.jpg,6806
757,6806_6_1.jpg,6806
758,6806_6_2.jpg,6806
759,6806_7_1.jpg,6806
760,6806_7_2.jpg,6806
761,6806_8_1.jpg,6806
762,6806_8_2.jpg,6806
763,6806_9_1.jpg,6806
764,6807_1_1.jpg,6807
765,6807_2_1.jpg,6807
766,6807_3_1.jpg,6807
767,6807_4_1.jpg,6807
768,6807_5_1.jpg,6807
769,6807_6_1.jpg,6807
770,6807_6_2.jpg,6807
771,6807_7_1.jpg,6807
772,6807_8_1.jpg,6807
773,6807_9_1.jpg,6807
774,6830_1_1.jpg,6830
775,6830_2_1.jpg,6830
776,6830_3_1.jpg,6830
777,6830_4_1.jpg,6830
778,6830_5_1.jpg,6830
779,6830_6_1.jpg,6830
780,6830_7_1.jpg,6830
781,6830_8_1.jpg,6830
782,6830_9_1.jpg,6830
783,6847_8_1.jpg,6847
784,6851_9_1.jpg,6851
785,6964_4_1.jpg,6964
786,6964_8_1.jpg,6964
787,6964_9_1.jpg,6964
788,6985_1_1.jpg,6985
789,6985_2_1.jpg,6985
790,6985_3_1.jpg,6985
791,6985_4_1.jpg,6985
792,6985_5_1.jpg,6985
793,6985_6_1.jpg,6985
794,6985_7_1.jpg,6985
795,7004_1_1.jpg,7004
796,7004_1_2.jpg,7004
797,7004_2_1.jpg,7004
798,7004_3_1.jpg,7004
799,7004_4_1.jpg,7004
800,7004_5_1.jpg,7004
801,7004_6_1.jpg,7004
802,7004_7_1.jpg,7004
803,7037_5_2.jpg,7037
804,7037_7_1.jpg,7037
805,7037_7_2.jpg,7037
806,7078_9_1.jpg,7078
807,7085_6_1.jpg,7085
808,7112_1_1.jpg,7112
809,7112_1_2.jpg,7112
810,7112_2_1.jpg,7112
811,7112_3_1.jpg,7112
812,7112_4_1.jpg,7112
813,7112_5_1.jpg,7112
814,7112_5_2.jpg,7112
815,7112_6_1.jpg,7112
816,7112_6_2.jpg,7112
817,7112_6_3.jpg,7112
818,7112_7_1.jpg,7112
819,7112_7_2.jpg,7112
820,7112_7_3.jpg,7112
821,7112_7_4.jpg,7112
822,7112_7_5.jpg,7112
823,7112_8_1.jpg,7112
824,7112_8_2.jpg,7112
825,7112_9_1.jpg,7112
826,7141_3_1.jpg,7141
827,7141_4_1.jpg,7141
828,7141_5_1.jpg,7141
829,7141_6_1.jpg,7141
830,7141_8_1.jpg,7141
831,7141_9_1.jpg,7141
832,7161_1_1.jpg,7161
833,7161_2_1.jpg,7161
834,7161_5_1.jpg,7161
835,7180_3_1.jpg,7180
836,7180_5_1.jpg,7180
837,7180_6_1.jpg,7180
838,7180_8_1.jpg,7180
839,7228_1_1.jpg,7228
840,7228_2_1.jpg,7228
841,7228_3_1.jpg,7228
842,7228_7_1.jpg,7228
843,7239_1_1.jpg,7239
844,7239_2_1.jpg,7239
845,7239_3_1.jpg,7239
846,7239_4_1.jpg,7239
847,7239_5_1.jpg,7239
848,7239_6_1.jpg,7239
849,7239_8_1.jpg,7239
850,7239_9_1.jpg,7239
851,7348_6_1.jpg,7348
852,7387_1_1.jpg,7387
853,7387_2_1.jpg,7387
854,7387_3_1.jpg,7387
855,7387_4_1.jpg,7387
856,7387_5_1.jpg,7387
857,7387_6_1.jpg,7387
858,7387_7_1.jpg,7387
859,7387_8_1.jpg,7387
860,7387_9_1.jpg,7387
861,7460_2_1.jpg,7460
862,7460_3_1.jpg,7460
863,7460_4_1.jpg,7460
864,7460_5_1.jpg,7460
865,7460_6_1.jpg,7460
866,7460_7_1.jpg,7460
867,7460_8_1.jpg,7460
868,7460_9_1.jpg,7460
869,7476_1_1.jpg,7476
870,7476_3_1.jpg,7476
871,7476_7_1.jpg,7476
872,7485_1_1.jpg,7485
873,7485_3_1.jpg,7485
874,7485_4_1.jpg,7485
875,7485_5_1.jpg,7485
876,7485_6_1.jpg,7485
877,7485_7_1.jpg,7485
878,7485_8_1.jpg,7485
879,7485_9_1.jpg,7485
880,7496_6_1.jpg,7496
881,7496_7_1.jpg,7496
882,7496_8_1.jpg,7496
883,7496_9_1.jpg,7496
884,7505_1_1.jpg,7505
885,7505_2_1.jpg,7505
886,7505_3_1.jpg,7505
887,7505_4_1.jpg,7505
888,7505_5_1.jpg,7505
889,7505_7_1.jpg,7505
890,7505_7_2.jpg,7505
891,7505_8_1.jpg,7505
892,7505_9_1.jpg,7505
893,7505_9_2.jpg,7505
894,7516_6_1.jpg,7516
895,7516_9_2.jpg,7516
896,7549_1_1.jpg,7549
897,7549_2_1.jpg,7549
898,7549_3_1.jpg,7549
899,7549_4_1.jpg,7549
900,7549_5_1.jpg,7549
901,7549_6_1.jpg,7549
902,7549_7_1.jpg,7549
903,7549_8_1.jpg,7549
904,7549_9_1.jpg,7549
905,7592_8_1.jpg,7592
906,7592_9_1.jpg,7592
907,7595_5_1.jpg,7595
908,7595_7_1.jpg,7595
909,7595_8_1.jpg,7595
910,7595_8_2.jpg,7595
911,7595_9_1.jpg,7595
912,7600_1_1.jpg,7600
913,7600_2_1.jpg,7600
914,7600_5_1.jpg,7600
915,7600_9_1.jpg,7600
916,7601_1_1.jpg,7601
917,7601_2_1.jpg,7601
918,7601_3_1.jpg,7601
919,7601_4_1.jpg,7601
920,7601_5_1.jpg,7601
921,7601_5_2.jpg,7601
922,7601_6_1.jpg,7601
923,7601_7_1.jpg,7601
924,7601_8_1.jpg,7601
925,7601_9_1.jpg,7601
926,7602_8_1.jpg,7602
927,7602_8_2.jpg,7602
928,7622_1_1.jpg,7622
929,7622_3_1.jpg,7622
930,7622_5_2.jpg,7622
931,7622_9_1.jpg,7622
932,7630_1_1.jpg,7630
933,7630_2_1.jpg,7630
934,7630_3_1.jpg,7630
935,7630_4_1.jpg,7630
936,7630_5_1.jpg,7630
937,7630_6_1.jpg,7630
938,7630_7_1.jpg,7630
939,7630_8_1.jpg,7630
940,7630_9_1.jpg,7630
941,7637_1_1.jpg,7637
942,7637_2_1.jpg,7637
943,7637_3_1.jpg,7637
944,7637_4_1.jpg,7637
945,7637_5_1.jpg,7637
946,7637_6_1.jpg,7637
947,7637_7_1.jpg,7637
948,7637_8_1.jpg,7637
949,7637_9_1.jpg,7637
950,7663_2_1.jpg,7663
951,7663_6_2.jpg,7663
952,7663_9_1.jpg,7663
953,7666_2_1.jpg,7666
954,7666_4_1.jpg,7666
955,7666_6_1.jpg,7666
956,7666_8_1.jpg,7666
957,7666_8_2.jpg,7666
958,7666_8_3.jpg,7666
959,7666_9_1.jpg,7666
960,7679_8_1.jpg,7679
961,7686_3_1.jpg,7686
962,7686_4_1.jpg,7686
963,7686_4_2.jpg,7686
964,7686_5_1.jpg,7686
965,7686_6_1.jpg,7686
966,7686_7_1.jpg,7686
967,7686_8_1.jpg,7686
968,7686_9_1.jpg,7686
969,7699_1_1.jpg,7699
970,7699_2_1.jpg,7699
971,7699_2_2.jpg,7699
972,7699_3_1.jpg,7699
973,7699_4_1.jpg,7699
974,7699_5_1.jpg,7699
975,7699_6_1.jpg,7699
976,7699_7_1.jpg,7699
977,7699_8_1.jpg,7699
978,7699_9_1.jpg,7699
979,7721_1_1.jpg,7721
980,7721_2_1.jpg,7721
981,7721_2_2.jpg,7721
982,7721_3_1.jpg,7721
983,7721_4_1.jpg,7721
984,7721_5_1.jpg,7721
985,7721_6_1.jpg,7721
986,7721_7_1.jpg,7721
987,7721_8_1.jpg,7721
988,7721_9_1.jpg,7721
989,7742_1_1.jpg,7742
990,7742_2_1.jpg,7742
991,7742_3_1.jpg,7742
992,7742_4_1.jpg,7742
993,7742_4_2.jpg,7742
994,7742_5_1.jpg,7742
995,7742_6_1.jpg,7742
996,7742_7_1.jpg,7742
997,7742_7_2.jpg,7742
998,7742_8_1.jpg,7742
999,7742_9_1.jpg,7742
1000,7744_1_1.jpg,7744
1001,7744_2_1.jpg,7744
1002,7744_3_1.jpg,7744
1003,7744_4_1.jpg,7744
1004,7744_5_1.jpg,7744
1005,7744_6_1.jpg,7744
1006,7744_7_1.jpg,7744
1007,7744_8_1.jpg,7744
1008,7744_9_1.jpg,7744
1009,7748_1_1.jpg,7748
1010,7748_2_1.jpg,7748
1011,7748_3_1.jpg,7748
1012,7753_7_2.jpg,7753
1013,7753_8_1.jpg,7753
1014,7780_1_1.jpg,7780
1015,7780_2_1.jpg,7780
1016,7780_3_1.jpg,7780
1017,7780_3_2.jpg,7780
1018,7780_3_3.jpg,7780
1019,7780_4_1.jpg,7780
1020,7780_5_1.jpg,7780
1021,7780_6_1.jpg,7780
1022,7780_6_2.jpg,7780
1023,7780_7_1.jpg,7780
1024,7780_8_1.jpg,7780
1025,7780_9_1.jpg,7780
1026,7789_1_1.jpg,7789
1027,7789_2_1.jpg,7789
1028,7789_3_1.jpg,7789
1029,7789_4_1.jpg,7789
1030,7789_5_1.jpg,7789
1031,7789_6_1.jpg,7789
1032,7789_7_1.jpg,7789
1033,7789_8_1.jpg,7789
1034,7789_9_1.jpg,7789
1035,7809_1_1.jpg,7809
1036,7809_2_1.jpg,7809
1037,7809_3_1.jpg,7809
1038,7809_5_1.jpg,7809
1039,7809_6_1.jpg,7809
1040,7809_9_1.jpg,7809
1041,7830_1_1.jpg,7830
1042,7830_1_2.jpg,7830
1043,7830_2_1.jpg,7830
1044,7830_3_1.jpg,7830
1045,7830_4_1.jpg,7830
1046,7830_5_1.jpg,7830
1047,7830_6_1.jpg,7830
1048,7830_7_1.jpg,7830
1049,7830_8_1.jpg,7830
1050,7830_9_1.jpg,7830
1051,7831_1_1.jpg,7831
1052,7831_2_1.jpg,7831
1053,7831_3_1.jpg,7831
1054,7831_4_1.jpg,7831
1055,7831_5_1.jpg,7831
1056,7831_6_1.jpg,7831
1057,7831_7_1.jpg,7831
1058,7831_8_1.jpg,7831
1059,7831_9_1.jpg,7831
1060,7838_8_1.jpg,7838
1061,7838_9_1.jpg,7838
1062,7845_5_1.jpg,7845
1063,7845_6_1.jpg,7845
1064,7845_8_1.jpg,7845
1065,7853_1_1.jpg,7853
1066,7853_2_1.jpg,7853
1067,7853_2_2.jpg,7853
1068,7853_3_1.jpg,7853
1069,7853_4_1.jpg,7853
1070,7853_5_1.jpg,7853
1071,7853_6_1.jpg,7853
1072,7853_7_1.jpg,7853
1073,7853_8_1.jpg,7853
1074,7853_8_2.jpg,7853
1075,7853_9_1.jpg,7853
1076,7870_1_1.jpg,7870
1077,7870_5_1.jpg,7870
1078,7870_6_1.jpg,7870
1079,7870_8_1.jpg,7870
1080,7870_9_1.jpg,7870
1081,7883_6_1.jpg,7883
1082,7883_7_1.jpg,7883
1083,7883_8_1.jpg,7883
1084,7883_8_2.jpg,7883
1085,7883_9_1.jpg,7883
1086,7884_2_1.jpg,7884
1087,7890_1_1.jpg,7890
1088,7890_2_1.jpg,7890
1089,7890_3_1.jpg,7890
1090,7890_4_1.jpg,7890
1091,7890_5_1.jpg,7890
1092,7890_5_2.jpg,7890
1093,7890_6_1.jpg,7890
1094,7890_7_1.jpg,7890
1095,7890_7_2.jpg,7890
1096,7890_8_1.jpg,7890
1097,7890_9_1.jpg,7890
1098,7906_7_1.jpg,7906
1099,7906_8_1.jpg,7906
1100,7926_1_1.jpg,7926
1101,7926_2_1.jpg,7926
1102,7926_3_1.jpg,7926
1103,7926_4_1.jpg,7926
1104,7926_5_1.jpg,7926
1105,7926_6_1.jpg,7926
1106,7926_7_1.jpg,7926
1107,7926_8_1.jpg,7926
1108,7926_9_1.jpg,7926
1109,7936_7_1.jpg,7936
1110,7936_8_1.jpg,7936
1111,7936_9_1.jpg,7936
1112,7936_9_2.jpg,7936
1113,7943_1_1.jpg,7943
1114,7943_2_1.jpg,7943
1115,7943_3_1.jpg,7943
1116,7943_4_1.jpg,7943
1117,7943_5_1.jpg,7943
1118,7943_6_1.jpg,7943
1119,7943_7_1.jpg,7943
1120,7943_8_1.jpg,7943
1121,7943_9_1.jpg,7943
1122,7948_7_1.jpg,7948
1123,7948_9_1.jpg,7948
1124,7952_1_1.jpg,7952
1125,7952_2_1.jpg,7952
1126,7952_3_1.jpg,7952
1127,7952_7_1.jpg,7952
1128,7952_8_1.jpg,7952
1129,7959_7_1.jpg,7959
1130,7959_8_1.jpg,7959
1131,7959_9_1.jpg,7959
1132,7974_1_1.jpg,7974
1133,7974_2_1.jpg,7974
1134,7974_3_1.jpg,7974
1135,7974_4_1.jpg,7974
1136,7974_5_1.jpg,7974
1137,7974_6_1.jpg,7974
1138,7974_7_1.jpg,7974
1139,7974_8_1.jpg,7974
1140,7974_9_1.jpg,7974
1141,7975_1_1.jpg,7975
1142,7975_2_1.jpg,7975
1143,7975_3_1.jpg,7975
1144,7975_4_1.jpg,7975
1145,7975_5_1.jpg,7975
1146,7975_6_1.jpg,7975
1147,7975_7_1.jpg,7975
1148,7975_7_2.jpg,7975
1149,7975_8_1.jpg,7975
1150,7975_9_1.jpg,7975
1151,7978_2_1.jpg,7978
1152,7979_1_1.jpg,7979
1153,7979_2_1.jpg,7979
1154,7979_6_1.jpg,7979
1155,7979_9_1.jpg,7979
1156,7985_6_1.jpg,7985
1157,7985_7_1.jpg,7985
1158,7985_9_1.jpg,7985
1159,8010_1_1.jpg,8010
1160,8010_2_1.jpg,8010
1161,8010_2_2.jpg,8010
1162,8010_3_1.jpg,8010
1163,8010_4_1.jpg,8010
1164,8010_5_1.jpg,8010
1165,8010_6_1.jpg,8010
1166,8010_7_1.jpg,8010
1167,8010_8_1.jpg,8010
1168,8010_8_2.jpg,8010
1169,9912_9_1.jpg,9912
